url	replacement	note
http://gumilev.aha.ru/	https://web.archive.org/web/2005/http://gumilev.aha.ru/	сайт закрыт, копия в веб-архиве
http://gumilev.aha.ru/links/brodsky.htm	https://web.archive.org/web/20021211042106/http://www.gumilev.aha.ru:80/links/brodsky.htm	сайт закрыт, копия в веб-архиве
http://kulichki.rambler.ru/~risunok/literatu/silver_age/blok/index.html	https://web.archive.org/web/20001121032900/http://kulichki.rambler.ru:80/~risunok/literatu/silver_age/blok/index.html	сайт закрыт, копия в веб-архиве
http://kulichki.rambler.ru/~risunok/literatu/silver_age/gumilev/index.html	https://web.archive.org/web/20001217010800/http://kulichki.rambler.ru:80/~risunok/literatu/silver_age/gumilev/index.html	сайт закрыт, копия в веб-архиве
http://kulichki.rambler.ru/~risunok/literatu/silver_age/ivanov_georgy/index.html	https://web.archive.org/web/20001121072500/http://kulichki.rambler.ru:80/~risunok/literatu/silver_age/ivanov_georgy/index.html	сайт закрыт, копия в веб-архиве
http://kulichki.rambler.ru/~risunok/literatu/silver_age/mandelstam/index.html	https://web.archive.org/web/20001121150000/http://kulichki.rambler.ru:80/~risunok/literatu/silver_age/mandelstam/index.html	сайт закрыт, копия в веб-архиве
http://kulichki.rambler.ru/inkwell/hudlit/poetry/tjutchev.htm	https://web.archive.org/web/20001006144227/http://kulichki.rambler.ru:80/inkwell/hudlit/poetry/tjutchev.htm	сайт закрыт, копия в веб-архиве
http://kulichki.rambler.ru/vv/pesni/	https://web.archive.org/web/20001110114800/http://kulichki.rambler.ru:80/vv/pesni/	сайт закрыт, копия в веб-архиве
http://www.blockbuster.com/bb/movie/details/0,7286,VID-V%2B%2B%2B135584,00.html?	https://web.archive.org/web/20030822080444/http://www.blockbuster.com:80/bb/movie/details/0,7286,VID-V+++135584,00.html	страница удалена, копия в веб-архиве
http://www.blockbuster.com/bb/movie/details/0,7286,VID-V%2B%2B%2B181891,00.html?	https://web.archive.org/web/20031020063511/http://www.blockbuster.com:80/bb/movie/details/0,7286,VID-V+++181891,00.html	страница удалена, копия в веб-архиве
http://www.litera.ru/stixiya/authors/blok.html	https://web.archive.org/web/20240801163924/https://www.litera.ru/stixiya/authors/blok.html	страница удалена, копия в веб-архиве
http://www.litera.ru/stixiya/authors/brodskij.html	https://web.archive.org/web/20240815155916/http://www.litera.ru/stixiya/authors/brodskij.html	страница удалена, копия в веб-архиве
http://www.litera.ru/stixiya/authors/gippius.html	https://web.archive.org/web/20240630150937/https://litera.ru/stixiya/authors/gippius.html	страница удалена, копия в веб-архиве
http://www.litera.ru/stixiya/authors/lermontov.html	https://web.archive.org/web/20240527215051/http://www.litera.ru/stixiya/authors/lermontov.html	страница удалена, копия в веб-архиве
http://www.litera.ru/stixiya/authors/mayakovskij.html	https://web.archive.org/web/20250408143046/https://litera.ru/stixiya/authors/mayakovskij.html	страница удалена, копия в веб-архиве
http://www.litera.ru/stixiya/authors/pasternak.html	https://web.archive.org/web/20250107163909/https://litera.ru/stixiya/authors/pasternak.html	страница удалена, копия в веб-архиве
http://www.litera.ru/stixiya/authors/voznesenskij.html	https://web.archive.org/web/20250120235021/https://litera.ru/stixiya/authors/voznesenskij.html	страница удалена, копия в веб-архиве
http://www.litera.ru/stixiya/authors/xodasevich.html	https://web.archive.org/web/20230429045737/https://litera.ru/stixiya/authors/xodasevich.html	страница удалена, копия в веб-архиве
http://www.rvb.ru/hlebnikov/index.htm	https://web.archive.org/web/20190411043634/https://rvb.ru/hlebnikov/index.htm	страница удалена, копия в веб-архиве
